track,workload,strategy,scale,lookup_read_amp,files_probed_amp,live_sstable_count,read_amp,write_amp,space_amp,throughput_ops,compactions
read,C,THRESHOLD,500000,1.056366,3.6,4.0,,4.480175,1.01383,3372.98,26
read,C,SIZE_TIERED,500000,1.110494,5.0,5.0,,2.849619,1.01383,3482.28,10
read,C,LEVEL_TIERED,500000,1.168958,4.2,4.0,,5.644854,1.01383,6475.93,20
write,A,THRESHOLD,500000,,,,,2.79324,0.928925,8670.32,6
write,A,SIZE_TIERED,500000,,,,,2.79324,0.928925,7571.51,6
write,A,LEVEL_TIERED,500000,,,,,3.259516,0.928925,6920.0,9
space,F,THRESHOLD,500000,,,,0.693826,2.150042,0.822035,1295.0,7
space,F,SIZE_TIERED,500000,,,,0.677748,2.460034,0.821863,1240.0,7
space,F,LEVEL_TIERED,500000,,,,0.655064,3.801354,0.948,1374.0,12
